,tweets,likes,time
0,"Dear @PriyamvadaGopal, 2 years and 11 month old @FightsSma needs your help as he battles Spinal Muscular Atrophy. Fundraising has become difficult as the pandemic rages in India.. He needs close to 400 k USD :
https://t.co/RPKcpaRHIF

#SaveAyaanshGupta https://t.co/sjiMayLv9c",0,2021-05-15 09:48:01
1,"@SonuSood  Ayaansh a 2.5 years old boy needs Rs. 16 crores to save his live. Sounds unbelievable, but the medicine available as a cure for a Rare Disease SMA (spinal muscular atrophy) is one of the most expensive medicine globally; it costs 2.1million US dollars, about Rs15.50cr https://t.co/uAmQmexnwK",0,2021-05-15 08:06:48
2,"@palakmuchhal3 Hello mam.. kindly help our 5 month old baby to survive beyond age of two,who suffers from Spinal muscular atrophy that needs 16 crore for treatment.Kindly support our crowd funding link.🙏🙏
https://t.co/jXV4bHLQEZ
#ZolgenSMA #savecubby #RareDisease https://t.co/rykCw7anNR",2,2021-05-15 07:52:48
3,"@SonuSood @tushti_india @DTDCIndia @SoodFoundation kindly help our 5 month old baby to survive beyond age of two,who suffers from Spinal muscular atrophy that needs 16 crore for treatment.Kindly support our crowd funding link.
https://t.co/PVpRsM3nF3
#ZolgenSMA #savecubby #RareDisease https://t.co/wGOI3Bi6Uc",1,2021-05-15 07:35:19
4,@DhanrajNathwani plz Do not let #Ayaansh get separated from his #family on #InternationalFamilyDay Plz help @FightsSma who is battling his life against spinal muscular atrophy.He has very less time and he needs more help.Plz Amplify https://t.co/t0BldSDqGK #saveayaanshgupta https://t.co/kNzvcV9GYf https://t.co/6WHePCphV3,1,2021-05-15 07:19:08
5,"@thebetterindia  plz help us to reach out to more people who can afford to donate to lil @FightsSma who is battling his life against spinal muscular atrophy. He has very less time and we need more help. Plz come forward before it’s too late 
https://t.co/2fByiSQr85 https://t.co/2cQkeitBS2",0,2021-05-15 06:12:42
6,"@viralbhayani77  plz help us to reach out to more people who can afford to donate to lil @FightsSma who is battling his life against spinal muscular atrophy. He has very less time and we need more help. Plz come forward before it’s too late 
https://t.co/2fByiSQr85 https://t.co/CI68BWZiQ1",2,2021-05-15 06:08:19
7,"@karthiksubbaraj plz help us to reach out to more people who can afford to donate to lil @FightsSma who is battling his life against spinal muscular atrophy. He has very less time and we need more help. Plz come forward before it’s too late
https://t.co/2fByiSQr85 https://t.co/BqwZRIt6FR",1,2021-05-15 06:07:09
8,@chitraaum Do not let #Ayaansh get separated from his #family on #InternationalFamilyDay Plz help @FightsSma who is battling his life against spinal muscular atrophy.He has very less time and he needs more help.Plz Amplify https://t.co/t0BldSDqGK #saveayaanshgupta https://t.co/L7SYPB9o0D https://t.co/LWiQ7YXGjZ,2,2021-05-15 04:02:46
9,@PriyankaJShukla  Do not let #Ayaansh get separated from his #family on #InternationalFamilyDay Plz help @FightsSma who is battling his life against spinal muscular atrophy.He has very less time and he needs more help.Plz Amplify https://t.co/t0BldSDqGK #saveayaanshgupta https://t.co/Vn7mOTGlR6 https://t.co/1ZjAbQrT5c,10,2021-05-15 03:57:58
10,"""We need you to come in for a PT eval.""
""We need you to come in for the spinal muscular atrophy clinic.""

What if, instead of all that, I just told them ""the medicine is working"" over the phone?",1,2021-05-15 02:52:24
11,It can be difficult to find &amp; access a specialist that offers multidisciplinary care for adults with SMA &amp; the recommended standard of care for SMA differs in some ways between adults &amp; children. Learn more about treatments for late-onset SMA: https://t.co/CTzMPKajLH,0,2021-05-15 01:00:03
12,@rahulvaidya23 plz help us to reach out to more people who can afford to donate to lil @FightsSma who is battling his life against spinal muscular atrophy.He has very less time and we need more help.Plz come forward before it’s too late https://t.co/t0BldSDqGK #saveayaanshgupta https://t.co/o0CCdvt1J4 https://t.co/RLud0idcoY,13,2021-05-14 23:10:18
13,"@RexChapman Hi Rex, for the sake of humanity, could you appeal to your followers to donate to 2 years and 11 months old @FightsSma who is battling Spinal Muscular Atrophy. Even a 10 dollar donation will get us to the 500 k USD he needs:

https://t.co/RPKcpaRHIF

#SaveAyaanshGupta https://t.co/uW3HEvunBq",1,2021-05-14 21:40:01
14,@Jassisidhu plz help us to reach out to more people who can afford to donate to lil @FightsSma who is battling his life against spinal muscular atrophy.He has very less time and we need more help.Plz come forward before it’s too late https://t.co/t0BldSDqGK #saveayaanshgupta,0,2021-05-14 21:30:56
15,"@kohliseetu mam,plz help us to reach out to more people who can afford to donate to lil @FightsSma who is battling his life against spinal muscular atrophy.He has very less time and we need more help.Plz come forward before it’s too late https://t.co/t0BldSDqGK #saveayaanshgupta https://t.co/x4881QKyQd https://t.co/yR6vGZkRRq",1,2021-05-14 21:30:35
16,@sharibhashmi plz help us to reach out to more people who can afford to donate to lil @FightsSma who is battling his life against spinal muscular atrophy.He has very less time and we need more help.Plz come forward before it’s too late https://t.co/t0BldSDqGK #saveayaanshgupta,0,2021-05-14 21:18:58
17,@amolparashar plz help us to reach out to more people who can afford to donate to lil @FightsSma who is battling his life against spinal muscular atrophy.He has very less time and we need more help.Plz come forward before it’s too late https://t.co/t0BldSDqGK #saveayaanshgupta https://t.co/6XlZdrB6Dq,1,2021-05-14 21:18:10
18,"Novartis AG: Reduce $2​.​1M price of the life-saving drug, Zolgensma, that treats Type 1 Spinal Muscular Atrophy! - Sign the Petition! https://t.co/H2rkceVLhw via @Change 
🏥⬆️ Everyone should have access to the medications they need to treat their health conditions.",0,2021-05-14 20:27:46
19,@PragyaLive @PragyaLive plz help us to reach out to more people who can afford to donate to lil @FightsSma who is battling his life against spinal muscular atrophy.He has very less time and we need more help.Plz come forward before it’s too late https://t.co/t0BldSDqGK #saveayaanshgupta,6,2021-05-14 19:47:47
20,@yogeshgupta05 @thesushmitasen @thesushmitasen plz help us to reach out to more people who can afford to donate to lil @FightsSma who is battling his life against spinal muscular atrophy.He has very less time and we need more help.Plz come forward before it’s too late https://t.co/t0BldSDqGK #saveayaanshgupta https://t.co/i19pKxZ9c6,2,2021-05-14 19:27:19
21,@mikefeigin You mean you haven’t started studying spinal muscular atrophy?,4,2021-05-14 19:12:42
22,@CharuPragya plz help us to reach out to more people who can afford to donate to lil @FightsSma who is battling his life against spinal muscular atrophy.He has very less time and we need more help.Plz come forward before it’s too late https://t.co/t0BldSDqGK #saveayaanshgupta https://t.co/FD95VncEry https://t.co/SY52PGSLFf,0,2021-05-14 18:13:57
23,@HariPrriya6 plz help us to reach out to more people who can afford to donate to lil @FightsSma who is battling his life against spinal muscular atrophy.He has very less time and we need more help.Plz come forward before it’s too late https://t.co/t0BldSDqGK #saveayaanshgupta https://t.co/MrFkN9fl1H https://t.co/7ugaVe7Hxe,0,2021-05-14 17:56:22
24,@khanthefatima plz help us to reach out to more people who can afford to donate to lil @FightsSma who is battling his life against spinal muscular atrophy.He has very less time and we need more help.Plz come forward before it’s too late https://t.co/t0BldSDqGK #saveayaanshgupta https://t.co/VQi9xa43nI https://t.co/n3iYbmCMFo,1,2021-05-14 17:54:19
25,@amolparashar plz help us to reach out to more people who can afford to donate to lil @FightsSma who is battling his life against spinal muscular atrophy.He has very less time and we need more help.Plz come forward before it’s too late https://t.co/t0BldSDqGK #saveayaanshgupta https://t.co/F4NquNXmcm,1,2021-05-14 17:50:15
26,"@ManojTiwariMP Hello sir ji. kindly help our 5 month old baby to survive beyond age of two,who suffers from Spinal muscular atrophy that needs 16 crore for treatment.Kindly support our crowd funding link.Plz help
https://t.co/jXV4bHLQEZ
#ZolgenSMA #savecubby #RareDisease https://t.co/rykCw7anNR",3,2021-05-14 17:38:18
27,"@iFaridoon Sir, plz help us to reach out to more people who can afford to donate to lil @FightsSma who is battling his life against spinal muscular atrophy.He has very less time and we need more help.Plz come forward before it’s too late https://t.co/t0BldSDqGK #saveayaanshgupta https://t.co/PNvMlV5y5w https://t.co/ylRvQg5U90",0,2021-05-14 16:17:15
28,"@iFaridoon Sir, plz help us to reach out to more people who can afford to donate to lil @FightsSma who is battling his life against spinal muscular atrophy.He has very less time and we need more help.Plz come forward before it’s too late https://t.co/t0BldSDqGK #saveayaanshgupta https://t.co/5hjfE6HkAv",2,2021-05-14 16:15:35
29,"Longtime members Aaron &amp; Sarah Guta, are going through a challenging medical journey with their youngest son, Jaxon. Please consider donating to help this beautiful boy! To learn more about Jaxon's story, see the attached link 🙂 https://t.co/zgAkzBsyl0 

Every little bit helps!",0,2021-05-14 14:43:45
30,"Derek, a 5mo baby, was diagnosed with muscular hypotonia, with a suspicion of 90% of Spinal muscular atrophy(SMA type-1), it has no cure, but can be treated with the most expensive drug in the world.
Whatever you can help with is much appreciated.
#BTSARMY
https://t.co/jzRebxQeLO",0,2021-05-14 14:40:57
31,"#unmilagroparaderek

Catastrophic diseases and those drugs that save lives but are unattainable!

The #Zolgensma a single dose medicine that costs 2.1 million, Gene therapy that heals spinal muscular atrophy (SMA) let's support #DEREK

https://t.co/9urhvIsDRD",1,2021-05-14 13:47:57
32,"@iamsrk @iamsrk Plz extend a little help to #ayaansh @FightsSma this #EidAlFitr  3yr old suffers from rare Spinal Muscular Atrophy.He is being treated at Rainbow Hospital #Hyderabad. Out of ₹16Cr, ₹6Cr more needed #Zolgensma #EidMubarak
 https://t.co/oPcN6nSmnZ https://t.co/TDXPta3tlD",23,2021-05-14 13:47:49
33,"Carrier Screening covers most common disease such as:

• Duchenne Muscular Dystrophy
• Wilson disease
• Cystic fibrosis 
• Spinal Muscular Atrophy 
• Glycogen Storage Disease 

visit: https://t.co/1FlqQUQYTV

#BGI #carrierscreening #omicsforall https://t.co/mwyTY3ckU2",0,2021-05-14 13:45:05
34,"@SonuSood @SoodFoundation kindly help our 5 month old baby to survive beyond age of two,who suffers from Spinal muscular atrophy that needs 16 crore for treatment.Kindly support our crowd funding link.
https://t.co/PVpRsLLMgt
#ZolgenSMA #savecubby #RareDisease https://t.co/wGOI3BzHLK",0,2021-05-14 13:16:16
35,"Matthew Klein, MD, Chief Development Officer at PTC Therapeutics, explains the significance of risdiplam (evrysdi), a daily therapy for spinal muscular atrophy (SMA), being an oral treatment that can be self-administered.
@PTCBio PTC Therapeutics, Inc. 
https://t.co/ikvizuUKRm",5,2021-05-14 13:02:04
36,"This makes @SalfordRoyalNHS one of only 11 centres in the country able to provide the #Nusinersen drug to treat spinal muscular atrophy in adults. 

https://t.co/5wbJUHGRmR https://t.co/g76dMzGa1V",0,2021-05-14 12:26:06
37,"Mikayla is 1 and has been diagnosed with spinal muscular atrophy,  a muscle wasting disease.
Mikayla needs a specialist car seat to support her posture.

Wipe Away Those Tears are delighted to purchase the car seat at a cost of £350. https://t.co/StmYgENVnj",1,2021-05-14 11:19:38
38,"@alifazal9 Plzz help my 5 month child to survive beyond age of two..suffers from Spinal muscular atrophy..needs 16cr. rupees drug zolgensma..plzz spread our crowd funding link
https://t.co/zswRhw6xES
#Zolgensma #savecubby #Help https://t.co/8duk7pMjQU",3,2021-05-14 09:57:51
39,"Spinal Muscular Atrophy (SMA) Type-1 is taking 9months Baby Vedika's life. She needs a drug called Zolgensma which costs Rs 16 crores (USD 2.1 million).It is very kind request to free all there custom duties to import drug
@PMOIndia
@dgftindia
@CMOMaharashtra
#vedika_fights_sma",0,2021-05-14 09:57:00
40,"Nice touch lads: Ronaldo and Messi shirts go towards little Gavrilo's Spinal muscular atrophy treatment... Vucic boasts of GDP growth, when will he boost health services?  This morning's headlines, click here --&gt; https://t.co/MKuLrZ1io9 https://t.co/8Guqf8Bob7",1,2021-05-14 08:44:50
41,"Hello, dear @elonmusk! Please, help this child🙏🙏🙏 Just 7 days left🙏🙏🙏 Ilya Khudoba. 3 years. He has spinal muscular atrophy type 2. And He really needs Your help and support❤
The cost of his treatment is $ 2 234 031💉💉💉  https://t.co/8zNord5Ee7

Thank you very much❤️",0,2021-05-14 07:52:39
42,"New Research: SMA Identified: Clinical and Molecular Findings From a Sponsored Testing Program for Spinal Muscular Atrophy in More Than 2,000 Individuals: Background: Spinal muscular atrophy (SMA) linked to chromosome 5q is an inherited… https://t.co/aTRp41lNTF #Neurology",1,2021-05-14 07:30:02
43,"Braving Spinal Muscular Atrophy, Krishna Kumar Shows the Way

To read the complete article visit the following link, 
https://t.co/jX1xswye14 

#techagappe #lifestories #agappediagnostics https://t.co/ngAOD1zTn5",1,2021-05-14 06:31:52
44,"Spinraza, a drug for spinal muscular atrophy, has a list price of a home in Brooklyn, New York.",0,2021-05-14 01:02:12
45,"How Is SBMA Different From Other Types of SMA? Check out this deep-dive on this SMA type, also known as Kennedy's disease: https://t.co/SaT5YKboPG",0,2021-05-14 01:00:16
46,"Spinal and bulbar muscular atrophy (SBMA), popularly known as Kennedy's disease, is a progressive debilitating neurodegenerative disorder resulting in muscle cramps and progressive weakness due to degeneration of motor neurons in the brainstem and spinal cord. https://t.co/OAe6EK6cvz",0,2021-05-13 22:23:50
47,"Effect of nusinersen on respiratory function in paediatric spinal muscular atrophy types 1-3.
https://t.co/1A238g6GMa",0,2021-05-13 21:09:16
48,"@ManxCare @NurseStandard ""Isle of man, giving you freedom to flourish"" unless you have Spinal Muscular Atrophy it seems. Give this young man the treatment he needs &amp; deserves #treatsma #ridisplamforall",0,2021-05-13 20:35:24
49,"@ManxCare ""Isle of man, giving you freedom to flourish"" unless you have Spinal Muscular Atrophy it seems. Give this young man the treatment he needs &amp; deserves #treatsma #ridisplamforall",0,2021-05-13 20:33:36
50,@ManxCare @NurseStandard Come on Manx care do the right thing and let you patient with Spinal Muscular Atrophy access the free treatment that he deserves and is his right.,0,2021-05-13 20:22:24
51,"@ManxCare ""Isle of Man, giving you freedom to flourish"" Shame on you for not treating patients with Spinal Muscular Atrophy. #TreatSMA #RisdiplamForAll",0,2021-05-13 20:04:47
52,"@muhammedalisma @elonmusk this baby is suffering from SPİNAL MUSCULAR ATROPHY and needs 2,4 million $ for the treatment. Please could you share his post",4,2021-05-13 19:55:24
53,"@jonlevyBU We always wore masks (N95) during cold and flu season to protect our son who has type 1 Spinal Muscular Atrophy (like ALS but in children). A simple cold could be deadly. I’ve never felt as safe with his health as this past winter, ironically.",4,2021-05-13 17:24:31
54,"Daniel also has a genetic disease called Spinal Muscular Atrophy, or SMA. (He has Type 2.) He uses a wheelchair, can only move his extremities and has already passed his life expectancy. (For resources on SMA, I highly recommend @CureSMA, a wonderful organization.)",5,2021-05-13 17:13:21
55,"@HansrajMeena Plz extend a little help to #Ayaansh @FightsSma 3yr old frm #Hyderabad fights rare Spinal Muscular Atrophy and need ₹6Cr more to get life saving medicine #Zolgensma in few days  #EidMubarak 
This #EidAlFitr  Please tweet and request people for contribution❤️🙏🏻 https://t.co/v8iUBctgWR https://t.co/HGSefHBYOz",4,2021-05-13 16:14:33
56,"The insights enabled the design of a range of therapies, including mRNA-based COVID-19 vaccines and treatments for spinal muscular atrophy and Duchenne muscular dystrophy https://t.co/EDHMbSCNLW",20,2021-05-13 15:20:06
57,Diagnostic Kit Provides Accurate #SpinalMuscularAtrophy Copy Number and Diagnosis #PracticalNeurology #neurology #SMA #amplideXkit https://t.co/9274lIqA9l,0,2021-05-13 15:09:20
58,A grant from the Academy of Medical Science’s Springboard scheme was awarded to a spinal muscular atrophy researcher from Keele University in the U.K. Click here to read more: https://t.co/yysWMsLXdR https://t.co/pjfwH4Qohg,0,2021-05-13 15:04:05
59,2020 Spinal Muscular Atrophy Pipeline Insights – https://t.co/kWdEqdg5Uw https://t.co/7pLknNqziS #StockMarket #Stocks,0,2021-05-13 09:36:08
60,2020 Spinal Muscular Atrophy Pipeline Insights – https://t.co/tliT0Md4mS https://t.co/kyLYhC8hVo #StockMarket,0,2021-05-13 09:19:33
61,"Actin and its regulation in Spinal Muscular Atrophy (SMA): Our new paper “Profilin2 regulates actin rod assembly in neuronal cells” has been just published in @SciReports done together with Lisa M. Walter, @RadeSeba and Andreas Pich.
 https://t.co/xWaBY6BYvF",14,2021-05-13 09:16:47
62,2020 Spinal Muscular Atrophy Pipeline Insights - https://t.co/guyiBzPH8C https://t.co/Gv48HSxrOr https://t.co/MjkXQPqXfi,0,2021-05-13 09:03:12
63,"Regina Phillips, mother of a young child diagnosed with spinal muscular atrophy (SMA), talks about the 4 month journey to get properly diagnosed with this rare neuromuscular disorder. 
@CureSMA @ACTforSMA Cure SMA 
https://t.co/Xbkb6aSzCS",0,2021-05-13 09:01:03
64,"@SonuSood Jii who is requesting you that, Shri. Saurabh Shinde's daughter Ku. Vedika Saurabh Shinde age - 8 months, she is currently battling SMA (SPINAL MUSCULAR ATROPHY). However",1,2021-05-13 05:18:17
65,"@best_vancouver @NotFromUrk @shiba_coin Who says you can't dream? no, you can dream and I can tell you, now I am dreaming. I have a son 7years old diagnosed with Spinal Muscular Atrophy. I purchased 10 m of #shipa_coin I hope that I can build an accessible house before I died",0,2021-05-13 05:06:00
66,"!Urgent! Only 1 month left. 
Ayaansh is suffering from SMA (Spinal muscular atrophy). The only treatment is Zolgensma drug which costs ₹16Cr/-. 
https://t.co/oQ2RHyWQtJ…
Donate @ https://t.co/gMjeiMotaI…

Kindly help @TelanganaCMO @SomeshKumarIAS #Hyderabad https://t.co/YQRoBCwPSR",0,2021-05-13 03:40:39
67,"!Urgent! Only 1 month left. 
Ayaansh is suffering from SMA (Spinal muscular atrophy). The only treatment is Zolgensma drug which costs ₹16Cr/-. 
https://t.co/pYKINgBYJd
Donate @ https://t.co/K5KLH4PKRb

Please help @SonuSood @SonuSoodArmy #SonuSood 

Spread the news &amp; help https://t.co/cSAQbpnZfZ",0,2021-05-13 03:30:28
68,@TabeenahAnjum please extend ur lil support for @FightsSma this #EidAlFitr He is battling his life against spinal muscular atrophy. Ur one msg can reach us to more kind hearted people who can donate to #Ayaansh plz help before it’s too late https://t.co/BzF2nZmOp5 https://t.co/RbjsHBk5LL,0,2021-05-13 01:46:38
69,Type 3 SMA has been associated with cardiomyopathy — a disease that affects the heart muscle. People with more severe types of SMA may also experience cardiomyopathy. Learn more: https://t.co/fVY1maetg7,0,2021-05-13 01:00:14
70,"@rannvijaysingha in 2 weeks, Ayaansh must get  doze of ZolgenSMA to fight Spinal Muscular Atrophy. ₹6Cr is huge but with the support of people like you, will make it possible Please share about
@FightsSma
 #saveayaanshgupta https://t.co/t0BldSDqGK
https:/www.saveayaanshgupta.com",1,2021-05-13 00:04:09
71,@PoojaB1972 Ayaansh needs your immediate attention. He is fighting Spinal Muscular Atrophy. He needs ₹6Cr more to get his cure. Please donate and share about him. https://t.co/tTeIgaAhEi https://t.co/mblITR26B1,2,2021-05-12 20:55:58
72,"@SonuSood Vedika Shinde, a 9-month-old girl from Pimpri Chinchwad, Vedika has a rare disease called spinal muscular atrophy. 
Please help as much as you can for this baby of your family.
Name: Vedika Sourabh Shinde
Account number: 921010009091497
Bank name - Axis bank
IFSC: UTIB0000269",0,2021-05-12 18:39:39
73,"German scientists ""strongly recommend"" newborn screening for spinal muscular atrophy, noting that early diagnosis leads to better outcomes. Read more: https://t.co/e3aOCwxShV https://t.co/ya3bOs6WEh",2,2021-05-12 17:04:06
74,"@maithali_thakur plz help lil #Ayaansh who is battling his life against spinal muscular atrophy. He has very less time and we need more help. Plz come forward 🙏 @FightsSma 

#ayaanshfightsma https://t.co/iFbXZTMfOw",0,2021-05-12 17:01:35
75,"@IndiainPakistan plzz help my 5 month baby to survive beyond age of two who suffers from Spinal muscular atrophy,that needs 16 crores rupees drug zolgensma.
Plzz spread our crowd funding link
https://t.co/zswRhw6xES
Plzzz help 🙏🙏 https://t.co/OshV3rsZwX",0,2021-05-12 15:43:19
76,Petition update · Eva wins Zolgensma through an access program – lottery! · https://t.co/Px2BcEQdSV https://t.co/8P6vHKZnne,0,2021-05-12 15:19:44
77,"Novartis AG: Reduce $2​.​1M price of the life-saving drug, Zolgensma, that treats Type 1 Spinal Muscular Atrophy! - Sign the Petition! https://t.co/tvxCoEIKep via @UKChange",0,2021-05-12 15:09:38
78,"Jasmine Rankin is an influencer living with Spinal Muscular Atrophy Type ll. She never lets it get in the way of enjoying her life. #disabled

Follow her on Instagram @jasminerankin
Image Source: Yoocan https://t.co/pWirKWuGj2",0,2021-05-12 15:06:00
79,"Spinal Muscular Atrophy occurs in 1 out of every 11,000 births, but 1 in every 50 Americans is a genetic carrier.  

#bradesplace #uniquemedicalcareforuniquekids #sma #spinalmuscularatrophy #diagnosisday https://t.co/kOJpXvKS1G",0,2021-05-12 15:02:01
80,"People with SMA type 3 experience muscle weakness predominantly in the legs and lower body, as muscles gradually lose strength over the years. Learn more about this rare neuromuscular disorder: https://t.co/4QpnSmuBBo",0,2021-05-12 13:01:49
81,"The estimates:
 100 fewer new meds in a decade if HR-3 is enacted.
Medicine innovation has helped spinal muscular atrophy, sickle cell patients, cancer patients over the last decade.

Do you want that innovation stopped?

What if it was your daughter or your mother with cancer? https://t.co/jAUQTFIuof",2,2021-05-12 12:21:03
82,"@iamsrk Sir, plz help lil #Ayaansh who is battling his life against spinal muscular atrophy. He has very less time and we need more help. Plz come forward 🙏 @FightsSma 

#ayaanshfightsma https://t.co/vlCWZdxgqk",0,2021-05-12 11:26:10
83,"@iHrithik Sir, plz help lil #Ayaansh who is battling his life against spinal muscular atrophy. He has very less time and we need more help. Plz come forward 🙏 @FightsSma 

#ayaanshfightsma https://t.co/IGszKAKSYN",0,2021-05-12 11:25:38
84,"@SrBachchan Sir, plz help lil #Ayaansh who is battling his life against spinal muscular atrophy. He has very less time and we need more help. Plz come forward 🙏 @FightsSma 

#ayaanshfightsma https://t.co/RL0KsIBAzb",0,2021-05-12 11:24:57
85,"@SonuSood Sir, plz help lil #Ayaansh who is battling his life against spinal muscular atrophy. He has very less time and we need more help. Plz come forward 🙏 @FightsSma 

#ayaanshfightsma https://t.co/Z4WMr7lzJM",0,2021-05-12 10:31:56
86,"8 year old daughter suffering from Spinal Muscular Atrophy.

She is niece of my friend. Pls help

@High7Garden @TheIndiaZakat @TrueToIndia @aamiredresy
https://t.co/BkYam1SnQ3",5,2021-05-12 10:07:03
87,"Please help girl child suffering with #Spinal_Muscular_Atrophy https://t.co/wPNFMMFvKg
@melindagates
@gatesfoundation",0,2021-05-12 09:28:59
